memory_score,reaction_time,error_rate,consistency,label
0.8522294412871629,1.7705809286828675,0.11979362036264782,0.7906947960072981,0
0.8375930437168688,1.9116099171366785,0.11131561358567434,0.7305150252317083,0
0.8465855241160626,1.1400199045108996,0.11559060548077212,0.7432384972759636,0
0.9986970071322719,1.8030657293556278,0.1807913884927209,0.7376175381799599,0
0.7464224595839335,1.7872346035618567,0.05101355914580653,0.7264538379329761,0
0.8310560819556488,1.350351000178751,0.032670842043527486,0.9321661489364167,0
0.9091504085005065,1.6493589335281222,0.0640641565288226,0.7572535897478717,0
0.8682855407163318,1.1570181822006507,0.14421184697301803,0.8620455703159,0
0.7264083824338079,1.1104412743416958,0.16282649259932316,0.9294887449714757,0
0.7874546926852769,1.185634994904564,0.1220926615651265,0.9688633080848849,0
0.878834248799658,1.0957398575744257,0.1251429713868985,0.7209599462288747,0
0.8359909103367589,1.609755462407648,0.12983864465533002,0.7539149707224173,0
0.8599650181945308,1.376971960859912,0.10793578464456534,0.8678767751616349,0
0.820092899693593,1.1544827334799865,0.031126024504477445,0.7896205550530668,0
0.9525949562430085,1.243470887831072,0.07056881894230521,0.779314069007826,0
0.9318004595551848,1.147736072739664,0.11964249129916313,0.8573045740637127,0
0.8691260270673752,1.5309041851700904,0.09247814197969499,0.7771990162128071,0
0.900898950166729,1.916493527152594,0.01811871840969831,0.8704962246595856,0
0.8269252992080933,1.247017909933403,0.17279625884239183,0.7725502860981001,0
0.8056184494945544,1.5130144464074315,0.06604964169864447,0.9348502057072027,0
0.9071965115180575,1.4554383191250497,0.17608290394960405,0.7270978133096743,0
0.9618604845213673,1.6143018215871612,0.13681636985769177,0.9418726546102821,0
0.7324648950514621,1.5185675239987046,0.07625538945563402,0.7527529569568313,0
0.8670358970147234,1.9968327129297565,0.041068414534809534,0.7366720195107496,0
0.7352774020444084,1.1113039757756982,0.07279090919456233,0.8288748898129703,0
0.977787478513748,1.1473321391413474,0.02453851982676172,0.9556967937193284,0
0.9904211106684838,1.8116043019375354,0.137661407714822,0.741407662116416,0
0.9249286393529522,1.317589982397073,0.13092554173379597,0.7018159981185891,0
0.7018429999726443,1.5164601604501486,0.1637650835659533,0.9908595046916586,0
0.8768230734920422,1.5150040404602283,0.14162339646512803,0.7046661313605158,0
0.893417432021353,1.8435218558502817,0.17494309009799075,0.9541717487509502,0
0.9456039636108886,1.2923677246404393,0.014621651256717444,0.82897275967309,0
0.9600799510884024,1.1251488722086735,0.14151934542995206,0.8978263166116391,0
0.8567099059894001,1.252407107887208,0.10577352371635527,0.7189934447384876,0
0.9379289172056533,1.6314396815752292,0.1779495474493852,0.9288416098056431,0
0.7975056389714932,1.6682410097601654,0.10496688131688205,0.7294161226397843,0
0.9393038873209038,1.45047244472322,0.13670406298106527,0.9472749018668798,0
0.9681245651053817,1.5650250681569955,0.10162251720580846,0.7974184786133566,0
0.7274192984039295,1.4886502652365357,0.17827232574496862,0.7487176813081845,0
0.8231786582438735,1.0608866256190481,0.0618972712094215,0.7546357291456923,0
0.730853908420351,1.5168886048909278,0.0949604721408368,0.9542240037173179,0
0.9574626337687361,1.0312936336818987,0.08787094684639907,0.7935513162340261,0
0.8426271198811156,1.5052407003723713,0.021580329872058598,0.9138656420762511,0
0.7148516209900366,1.5058716679139446,0.16960331479306986,0.899669294013153,0
0.9143743863211278,1.3746590740658233,0.1005113645926656,0.8923945428432681,0
0.9859335664436858,1.0866500245494177,0.0977513571678204,0.9674500044414875,0
0.8860355684096687,1.0271978098269767,0.09399956259380723,0.7281691702193429,0
0.8321873995119831,1.1824018351949457,0.16496181832985723,0.8003117215301254,0
0.8156245023384184,1.9770233820668457,0.16295377940339,0.8484594047035559,0
0.9562848806818922,1.6442901974271624,0.14449308801161145,0.7646888741862886,0
0.7875087893184183,1.3580849699014812,0.06349304879062646,0.8874640555414827,0
0.9040443194158939,1.3663108238826647,0.0787288150677109,0.8650662379301264,0
0.9442144374426402,1.5116307788944705,0.10384620131840994,0.7682357365610298,0
0.9688222340493249,1.9174984317499155,0.08506572921940503,0.7392254903169835,0
0.8998773550997557,1.711036091850546,0.11931903260031458,0.9288319799638715,0
0.7758255291129402,1.1001125803844038,0.016796693803287757,0.7266132152287494,0
0.8613891707223436,1.761243709138461,0.06459474764032713,0.813702197771148,0
0.7881982995138941,1.0814352022363487,0.04161485804638636,0.9073722392052738,0
0.9791300676719753,1.647997720256092,0.10342113635918937,0.8100339666243785,0
0.799054882477243,1.4224645872501203,0.029133749255361916,0.7267882672444131,0
0.9000222209185798,1.9107619676758825,0.09100265311090633,0.814447437249364,0
0.8937094706476663,1.6231528057797728,0.19353091773652764,0.8682771435486899,0
0.8869571542524733,1.4671632610141625,0.13044406679784307,0.9746505474958425,0
0.9296747402393456,1.639014110733764,0.1889283223286214,0.913425789341715,0
0.8062891263107079,1.5048455742802767,0.05649726568216982,0.8090804482123504,0
0.7859019912896611,1.415064258812008,0.07734895778625596,0.8457479155848635,0
0.7592662994963871,1.2242800802893887,0.16253868482854203,0.9283710318759419,0
0.7564305005460414,1.369813385708271,0.10071698356390386,0.8634402231534151,0
0.7494324124624842,1.5376122744260627,0.09058864856106118,0.950614096023935,0
0.8698367131642017,1.3070367079057226,0.09344005711310088,0.7370426262194525,0
0.9188274221479054,1.4498010627784463,0.14936230156211686,0.7725663663135226,0
0.8527886793239937,1.527718259458808,0.1932487313218542,0.7847510858176534,0
0.9525699320809001,1.4624485782959327,0.10286161422722744,0.7954375043231149,0
0.7510060822199227,1.0694434860948527,0.012168792383550042,0.948792211770432,0
0.8955058337006484,1.1461192120596677,0.08308311588579011,0.9432615930024706,0
0.7854395110998754,1.2990116802140736,0.051114652471756596,0.7183096971155926,0
0.9544803472796797,1.1863644699951532,0.15531237354515492,0.9938668231393092,0
0.8414182635226266,1.366200641681262,0.14581679265523215,0.9889540513068171,0
0.8941599784057387,1.1561452198805586,0.11405267851630944,0.7783936836056411,0
0.9830919352013364,1.2875525744888867,0.06234733812899927,0.726587692153629,0
0.9378038516081747,1.9741949292938017,0.10021489257490193,0.9197011755809823,0
0.8131542708332993,1.2341268692803016,0.018838672907007744,0.9836711272757215,0
0.8263765817267837,1.0606976592899393,0.08836154195216982,0.7829076040993637,0
0.9414566175845853,1.6318133719730312,0.11001489028660147,0.742713651134612,0
0.8713944457146496,1.91238738950825,0.13988675978419615,0.8553469401789288,0
0.7305509096764455,1.0762680027924167,0.19792467583210585,0.8962589668748802,0
0.9427124646278572,1.951745888296073,0.02389807367650189,0.9517455325974705,0
0.7866498000534381,1.2825059391772258,0.14568226264931874,0.947387820309045,0
0.865402881890094,1.994190578965207,0.1579055125050166,0.7892778257153377,0
0.8949127590725022,1.3088325599963204,0.16181127900590042,0.980175296719623,0
0.8468970240501786,1.2274502594852386,0.07873022873386289,0.7586785492588327,0
0.9614014570503908,1.8024025213196064,0.18403770978790512,0.8165479504292942,0
0.8563758633457029,1.5578062860419633,0.07435252777247414,0.7596059373873493,0
0.7434402529718438,1.9236758032624364,0.17647606524933931,0.9971666571827953,0
0.7139948570592805,1.6437253517769208,0.04441401353625857,0.9369895041148995,0
0.8332544499714678,1.1325640071848426,0.05370644090156353,0.8583527716731781,0
0.8180866741531253,1.968026320238073,0.19032116401860896,0.723092799557392,0
0.8708603163577011,1.2956128015409165,0.19249021848796122,0.9310323959092608,0
0.7310127118238512,1.137248676099882,0.09670127252640436,0.779277670021826,0
0.8205871151807964,1.9227712807857538,0.06424315432956637,0.9791967297476891,0
0.7882383034607969,1.3667270268452845,0.10576981160856957,0.8335121247199219,0
0.9938724723955484,1.6829003171870536,0.18249704732478478,0.8967634090082772,0
0.9678737757812653,1.4533381632324294,0.08682615783276106,0.9217499465826916,0
0.7613808711944928,1.3894951095506545,0.06141730346707231,0.8462051162525901,0
0.8180177731962758,1.190693263947788,0.10780369048480788,0.7169353542661777,0
0.9030506973669609,1.8480505579654618,0.04601691755463296,0.8202718950527581,0
0.8990775102195944,1.772725885793315,0.021947439846799078,0.7891922210466195,0
0.9726412460345575,1.2708982422507464,0.09572756387167375,0.9076978728453707,0
0.7728493284244943,1.1811318371647066,0.03771295511055291,0.9578374340119002,0
0.9025274634100621,1.849646065332308,0.024288770144266565,0.7044793256476912,0
0.9984199173208463,1.072295364901626,0.015384214327560474,0.7947106879371281,0
0.8348454327486796,1.5638295392100328,0.05382312607230034,0.9102760375503313,0
0.7127810792367951,1.480960310289311,0.1609770363308898,0.8452272251461167,0
0.8058787936130902,1.127250265200212,0.045666477791047995,0.9873045686647721,0
0.9089448778341558,1.1882612136830173,0.15014484298984543,0.9470962057295151,0
0.7529947459886207,1.8054242038240669,0.07778516615495885,0.8507208700616942,0
0.8088189946465766,1.735747299406596,0.03608826561903278,0.8463036736585788,0
0.7413697590324898,1.3117030334690618,0.09474214273969449,0.9007863172972698,0
0.9478482695855964,1.9630689039350324,0.14592019246297622,0.7572273625493553,0
0.7808998419682919,1.696646726336632,0.043401973164435996,0.850832850720609,0
0.8050112033985842,1.6564525579111038,0.15576775591702305,0.9383264665339508,0
0.8722028940617575,1.7625869150557891,0.17338684771483906,0.7342763310245598,0
0.8924771965656522,1.1218865275569767,0.06345524577953825,0.7356643160096196,0
0.9632165230367684,1.5525780989635551,0.026772253822403575,0.7541880171872013,0
0.7854847802945321,1.854007138036491,0.14217045816313062,0.8133672792813034,0
0.9573229637620642,1.9099098567487693,0.12823449760190223,0.7710281436104841,0
0.9750710881541935,1.9237328841655332,0.16333643638884562,0.9009347412877113,0
0.8266718964742665,1.6393383705740132,0.06977300245303654,0.8217596907408868,0
0.9921405372165782,1.5709225984425181,0.19372103004708377,0.8414503944199143,0
0.794503582559317,1.7179760374345903,0.08706886067438395,0.7540792533728967,0
0.9430672031805254,1.7821920814973837,0.05543941187637258,0.9788061091416324,0
0.9157286078318942,1.1339649969851076,0.19885988729262746,0.8639018410229773,0
0.8393089567598959,1.2780636645992642,0.01699505352957837,0.8507537159900077,0
0.7494671770657354,1.8503207356098421,0.11198217978973973,0.7897563061585847,0
0.8048766464930834,1.069925220914759,0.19833058917620847,0.9539910210886763,0
0.8552164725790427,1.9417464415047005,0.015586871104630046,0.7527677271708986,0
0.8799853250242743,1.0488711914707696,0.1504762884332062,0.7205457052495996,0
0.7968268263210102,1.870295396422907,0.06633259706294813,0.8084252153213193,0
0.7234352367638558,1.7460277753734248,0.17542317651389058,0.8428168517695104,0
0.9668642846722084,1.8991624486761056,0.010363350589637233,0.7150549042433301,0
0.9120061358425261,1.7080359535391576,0.06880875385253785,0.9101401967998197,0
0.9350334837401862,1.3952101475456142,0.15629835477986279,0.9088098083586937,0
0.8415345826908217,1.365535242487396,0.014736225052852285,0.7639190993015187,0
0.7881184339135915,1.7835617253261287,0.09915864328276207,0.9938724348880564,0
0.9845860375898229,1.9925171325485733,0.1525286925643302,0.8670347947798334,0
0.7900122869619791,1.2320541301369419,0.10298323986650348,0.9957877301468259,0
0.7442187092809136,1.1850195650298438,0.08150813612448012,0.9898336358821206,0
0.8867166783939964,1.7727287047946318,0.14018845479834444,0.799035205902015,0
0.9037190544041985,1.6441941334937389,0.12053010755430654,0.8472845695098522,0
0.8939550794079886,1.834373855946625,0.04843349192270137,0.9240574683382397,0
0.9994578455177464,1.7500300700521838,0.16755464288531538,0.9238539535644426,0
0.840178619548781,1.4552857129819707,0.17345001960172773,0.8554729237160731,0
0.7529546546713685,1.4223978849453696,0.01604323429304101,0.7001208910798338,0
0.9010892190010177,1.8665135314519938,0.19619402438183234,0.7785566797841312,0
0.8416195832996766,1.2169096335380032,0.0338153170713557,0.8289861397130261,0
0.8880158605130087,1.163544488420544,0.05127130541172981,0.9750958589154403,0
0.9695808710190631,1.8665870125363813,0.1942264323276582,0.9903798609239804,0
0.7913836621461867,1.2909619971589197,0.099516143727506,0.9947250512582722,0
0.7616144955800703,1.4761711848728014,0.19031305294610285,0.9790433432996154,0
0.769554306737399,1.4013445312701767,0.08776463256308614,0.8271498697688613,0
0.9857784676531598,1.3198053796092513,0.03688550839590018,0.9214762791220011,0
0.9930230205398657,1.5742409154830534,0.12481279943751132,0.9577628980697043,0
0.8073821786340745,1.1121087634580293,0.19465240910757606,0.763404781202764,0
0.8001091828739277,1.501137781750813,0.12547738678488465,0.9886659997909698,0
0.73639283205561,1.284599971853718,0.18432472026461288,0.8388444186216413,0
0.9203567527071485,1.9741857944667776,0.10503456793137922,0.7535863059627375,0
0.7182238663325908,1.8902110647799857,0.01146330473742357,0.9763800030866607,0
0.9217654660056778,1.2797640893038298,0.16475705810686014,0.7918504189287637,0
0.7461874013249472,1.0741592852363278,0.07595753282084333,0.908764332463238,0
0.8939957916315587,1.0173863995710866,0.16518393608301898,0.9673404850476228,0
0.8442172771120611,1.751137482686869,0.19431177688614137,0.867841551271931,0
0.7602217375307071,1.2446089219691245,0.07425058722533498,0.9758027802521615,0
0.9827308767918715,1.8201163354894185,0.02620421770790146,0.9749769645850763,0
0.8144001664735826,1.323873025450938,0.09361527732135572,0.9755699816485901,0
0.744749698701186,1.2564993568787544,0.09944936023914343,0.8518481172665778,0
0.843677922923294,1.0133619692634472,0.16328856837160907,0.8595334344298604,0
0.7481611700309753,1.7083822600958847,0.08850509146299028,0.8824894402792643,0
0.9585643288804938,1.8781802380541386,0.11951355733379587,0.703908875326348,0
0.9082689326267421,1.491935824070762,0.0433147169755526,0.888328199626687,0
0.7027603076854643,1.9720037348839103,0.13936313922989652,0.8280283748075506,0
0.9973455363142334,1.4254301867709596,0.011482265125769086,0.7632736176439197,0
0.9871403556725938,1.2335325053571249,0.06264984081261218,0.8790636458751176,0
0.8223586976009383,1.478855033522608,0.06341180932017529,0.903527430376732,0
0.9281093072333763,1.4961491586392222,0.0977792209081874,0.8683905344639294,0
0.7449741267378666,1.804608412859951,0.06063554410920373,0.8142136637369325,0
0.7680547033402888,1.161672446467416,0.181172029796438,0.9493038978205753,0
0.7757837331224066,1.065231625495858,0.14493907762083233,0.9208211448307684,0
0.9172226177384222,1.7165006504658575,0.1635318003170974,0.7479842221342906,0
0.8921763320676108,1.6739348557549985,0.1229150397809295,0.7252307120167797,0
0.8918016600350566,1.5323046783571905,0.06279324229103384,0.7068907534435523,0
0.8414695576108209,1.912499283381437,0.1576464571289969,0.7138448644974167,0
0.9582842918763865,1.7135892923563714,0.01814319171300713,0.8512597968223778,0
0.785514798199892,1.459421663861753,0.14707269853534446,0.9921246857919173,0
0.9185748129993384,1.7293152127655582,0.06741613378026114,0.9849302787839394,0
0.9289836604776069,1.372810222512253,0.04972796083369365,0.7668754517613015,0
0.8980179472316424,1.1577729690860652,0.07465104562232375,0.8940719444462003,0
0.949321832979032,1.8592715739868884,0.18328838707431105,0.9094730572292179,0
0.8048111621393494,1.657230257421944,0.12757333144094402,0.9345181965061214,0
0.9128604563615392,1.9254362192111274,0.1995688863751007,0.8017774991398275,0
0.8586663234144811,1.692078313854697,0.14678760597235235,0.880803329648483,0
0.8693723989665068,1.532504788097264,0.08931054708022718,0.9967251754506415,0
0.8402340033487048,1.1439970448249848,0.17681188435564318,0.8891010501132063,0
0.8113324803862113,1.0103297481399893,0.1126411846320847,0.7743813816927946,0
0.8766276344508738,1.6197426528571808,0.19854623177529043,0.9536331603243626,0
0.9496793787749536,1.2728867090017992,0.15560830357375413,0.7137575442949587,0
0.7737128935837799,1.3469064839419478,0.057479694100932795,0.9195142263034338,0
0.8647165288282838,1.5890176727519065,0.18163462415680184,0.7804528648370902,0
0.9344749014864778,1.711531928932562,0.08587003440903516,0.8193446422335564,0
0.8213143059832646,1.5848576702492836,0.19024594858619226,0.7023271507347216,0
0.9032619424607798,1.3178768757800579,0.020369915991904092,0.7558120699530985,0
0.7891059865591359,1.9513879550131157,0.16478323496581757,0.747018267536329,0
0.8360100061026401,1.1410196668324548,0.18071745918341495,0.933718963137843,0
0.7448973682804025,1.3188071621515594,0.1327377867168586,0.8668424262890927,0
0.701658241937459,1.8919547133232886,0.056583409125311616,0.8671895167013225,0
0.9731148275179391,1.6273427881710745,0.16772915610905806,0.9224054275310206,0
0.8111742892476932,1.2335622768636787,0.09976458871984963,0.7520074602927307,0
0.8990382210506109,1.0915477396538622,0.17006439869243123,0.712276824570452,0
0.7056519456820018,1.692619734162684,0.01456544551408819,0.7607735375608009,0
0.972376002067919,1.8211818697779076,0.12908595534236036,0.7331270183371958,0
0.7902899191837743,1.8829677983861748,0.10137907464123737,0.830631956703445,0
0.7446905273451234,1.9219283470323103,0.16826761882427327,0.7976845791684688,0
0.7568184542087821,1.0229266453896386,0.14326813005556652,0.7027838529936412,0
0.9435653322137578,1.3011470159466065,0.07338694180373637,0.928142434775419,0
0.7852009292273393,1.1766412741265448,0.11211090838722364,0.8196646128561343,0
0.9755625168403358,1.9718179422814066,0.07054937977640137,0.8698267762672153,0
0.7201975252408394,1.6022675715506047,0.13413959597112332,0.9314037145954229,0
0.8597675363105697,1.7604812946792738,0.1113294695176362,0.7811979954971885,0
0.9266693648044048,1.204461563439505,0.1661675935259991,0.9233245114573777,0
0.9114857215042849,1.4833394229078958,0.10556820036367652,0.7511775535380245,0
0.7978061274267149,1.031749908430028,0.0888988575652878,0.7907982541703049,0
0.8442933107757106,1.6694600784057032,0.17028103692580987,0.7733661484726847,0
0.9762352942519605,1.403373795951149,0.06331992401428951,0.9941317336930644,0
0.9185808874338862,1.5727478864739268,0.12931786940149728,0.8683234882749099,0
0.9497535909594977,1.0103889815194487,0.034465123717359394,0.8277177844216854,0
0.7884287069213065,1.2914737077576086,0.16078603084850598,0.7382791652323466,0
0.7318252108103217,1.9166567027936643,0.020334817617216897,0.7549793952421738,0
0.7479163957010667,1.52597092956769,0.1252884808571211,0.9754223078429232,0
0.8008160897022153,1.0804593015527564,0.1980510976718235,0.7129452763243443,0
0.9668729529833048,1.5467354331067307,0.12231410431789752,0.8637765340517024,0
0.9979658368750249,1.8584364720853834,0.03598055164706294,0.9483403440178207,0
0.9102671997434527,1.3044408609142817,0.1009095764025761,0.8644801682062712,0
0.9907465298508831,1.6189911569785465,0.09051896805897708,0.8478912815578556,0
0.8960469129729391,1.5466897467463836,0.1530238758606264,0.9223262618676775,0
0.9218218724352149,1.4788613877821328,0.11670597389920422,0.9161535693848079,0
0.9944898857504862,1.5904399466677843,0.17013901825517766,0.9977515896307947,0
0.8547964966211711,1.3403175123953106,0.02555589756033438,0.9355831547360285,0
0.8023042804614814,1.7817079059044296,0.17019943384196465,0.8811612160236525,0
0.9330731393048817,1.6526294395784773,0.016712234393264105,0.7523343922437166,0
0.7336716966858643,1.1693599314068397,0.07863296135423552,0.7145272915693494,0
0.9077287971098892,1.2516701378442452,0.12622711045859944,0.7305046964914619,0
0.9860186504229138,1.650653088154439,0.18964098571431456,0.8261584921790981,0
0.947541162607208,1.0175490606754938,0.19423354258319955,0.8761631229331541,0
0.906076564339547,1.2085904195168782,0.03569678475004079,0.852952541369324,0
0.9030189394702647,1.083757443235076,0.14757574555328676,0.7326382729009725,0
0.9762354505989997,1.9354681660139743,0.14595397457835582,0.7713406927784158,0
0.7016592619552964,1.2503438121185368,0.03514269923382267,0.7455894293037584,0
0.86446821439245,1.8649147953504432,0.1180283186819198,0.9962370028503027,0
0.7255727863248872,1.4898139428843185,0.18461841118758912,0.7982722753069382,0
0.8421748645625238,1.0179579274832131,0.17934271887298658,0.9810550403872156,0
0.97393485195332,1.1493469633876523,0.19116350184551004,0.7655008061644493,0
0.9722498592090271,1.018939129426244,0.1051418226368604,0.9163909208857398,0
0.8264610946994223,1.6876706444736884,0.1851790954002545,0.929162092622207,0
0.973554544083532,1.130880270455017,0.08727145441288911,0.7010299474664294,0
0.9108538434417449,1.3614887223035104,0.19844192094571944,0.9216962992772455,0
0.8955383345393807,1.9192546402833428,0.10003006462570851,0.817584322208316,0
0.9760402467311409,1.3303839751210287,0.1734168647779314,0.7310806055230866,0
0.756258549009559,1.7795131876530141,0.04718755375050661,0.7546282926415613,0
0.8489328060870817,1.5041638586855781,0.045268871852995746,0.813967135072286,0
0.9707190932516747,1.7802753395927478,0.19728115048952224,0.7473972199307003,0
0.7013573709001548,1.855810482330156,0.1937824635410888,0.7663887137763795,0
0.9007754104215104,1.8853187676482657,0.023425370798754196,0.7559243743082907,0
0.8704849561690449,1.106772353583012,0.19274830891060502,0.779001020072647,0
0.7580467560865636,1.555369907772309,0.13567445396559172,0.8661147996798122,0
0.9227592351922332,1.566320364231307,0.18785759890134127,0.8249634750779657,0
0.887231055002166,1.4332228652687955,0.0901463583155119,0.8728013704060343,0
0.8755443116973116,1.4770126767407368,0.10437742858605276,0.8026818057603363,0
0.790889109310394,1.3749367736861287,0.1089104640337955,0.7907930150142604,0
0.7158443037787849,1.2024082514037078,0.03147618141955271,0.8147186989515628,0
0.8521931815101516,1.1770636439053872,0.04907742911172298,0.7024752671874996,0
0.9198165782970454,1.3317152369916672,0.17226659650005596,0.7986306934081671,0
0.894896264744223,1.4652222154657792,0.16766145627754542,0.7860247824181248,0
0.798775275834559,1.6861559394412868,0.12480461504565533,0.9012596317070619,0
0.8696381923541121,1.5751982277232703,0.18309937472856538,0.9390954975633302,0
0.7810821387189033,1.4088748510822275,0.10278965926438134,0.9555220083608188,0
0.9052819813082923,1.1202642655725557,0.0360629471180133,0.75799643086959,0
0.9916861340675185,1.48152689725541,0.05170968981935243,0.944860269853644,0
0.7493846220279317,1.4421208124621887,0.06296103741043738,0.9164437940660942,0
0.7868262721864587,1.2653080509486903,0.1674490504968579,0.9982634678310679,0
0.7551645229512801,1.9675403137609788,0.1382815477321688,0.9118846032473499,0
0.9774858849639111,1.6800651622255893,0.09193656539928571,0.9089804716947105,0
0.8410059336949756,1.2768924732390419,0.19467716217716385,0.9301853833001593,0
0.7743171216677555,1.1788466227209873,0.12038014214084593,0.9547912472222092,0
0.7127732089476065,1.4138927849221012,0.022399451546444907,0.9469177431382387,0
0.8214655242191928,1.1953965208562463,0.13973165146464495,0.8134380112852095,0
0.8904817848589042,1.7859492527200478,0.0687170991617614,0.8178359061041848,0
0.7536456740093246,1.3881828002799752,0.07571490696245947,0.8507495592384938,0
0.885427668326382,1.2211817291688578,0.09321644076684994,0.987751250445445,0
0.9318043667142185,1.8039804857124992,0.19642369864359335,0.7102713275762365,0
0.8095530176016467,1.0909218677438461,0.06848956009619454,0.9412294502433537,0
0.7382440788225169,1.7348201701602808,0.16548441894428972,0.9378293234640561,0
0.7989846265483219,1.913193364187293,0.07817131034094214,0.8406557347037545,0
0.8968973924850185,1.0760959562879169,0.13280928009354695,0.7246726663411724,0
0.7764859069417602,1.8927244253659135,0.17960110810813773,0.8408458878439432,0
0.8571040164513103,1.9970638989485077,0.19885455184509795,0.8398886122924071,0
0.8347686227391464,1.0548941280878563,0.19839189885263325,0.7985713199736291,0
0.9778141023017333,1.7326018584522087,0.10518624080403895,0.8562594204023625,0
0.8189535385773354,1.5186189984863225,0.011487023955656647,0.9072959312089158,0
0.8429330074080925,1.1477030757952815,0.12883829771783414,0.8591329981318591,0
0.7344049012771008,1.6243459500009279,0.06265338200312814,0.7559743686703756,0
0.8995867842398607,1.4369801674525502,0.1429857581291525,0.8159527239346294,0
0.973766134271729,1.3682136162364666,0.1577707620242742,0.7276363931407906,0
0.938335220604674,1.2038819710779785,0.07936544182686929,0.812084631187285,0
0.97010837752735,1.529730825626669,0.19350022097988348,0.7070692452222656,0
0.948272059815512,1.6995741999707255,0.17944514215667787,0.9828825331789456,0
0.8647893482665264,1.4124411541511779,0.07003050480791642,0.8949702386107087,0
0.9986422832971376,1.7015012884848524,0.12110994765329806,0.742069886916316,0
0.92389576056418,1.8418639721069403,0.12591748584645462,0.8190548866641003,0
0.9130743148470323,1.875851066831944,0.05158478311536454,0.7457866243198161,0
0.7789930860833062,1.7135719665804532,0.013766556516369552,0.9438365130319231,0
0.9743141474732672,1.6509370156213379,0.05297856890809979,0.968390980115587,0
0.9745701033146377,1.8744739682870253,0.0815578499101613,0.8554425635007815,0
0.7229830252131044,1.5765376123303962,0.10735419908666402,0.7771955131942221,0
0.8917572374274311,1.7738527920463878,0.04850575832884535,0.8360612196420166,0
0.8889652253421946,1.02710518264235,0.09435688071627436,0.7365177402214294,0
0.821943999574989,1.8024334670598936,0.03650066573142073,0.7468522149989457,0
0.940902088545729,1.4114845526112747,0.11073862773578476,0.951779600378037,0
0.980183970822859,1.7803471742496242,0.06446374314568643,0.7256044202144696,0
0.7023403573607039,1.7571735350396218,0.19807613426860693,0.8525206617650074,0
0.7793072761906316,1.7064009441152987,0.16743598487851474,0.795026392437795,0
0.9392328046193102,1.2495653690469033,0.15118195399620596,0.8731216722398185,0
0.7164695801160521,1.6018417163420138,0.04727994839660555,0.8602083010873799,0
0.8030610781045373,1.7808751633497482,0.0606334757714736,0.9797018040914618,0
0.7299396286212844,1.820055603736503,0.17198899733039938,0.8742782072919251,0
0.8485490334610386,1.355731923893213,0.030667171893430316,0.7743883192993514,0
0.9095336936851003,1.9538056503044285,0.07009141718345287,0.9816835828024684,0
0.9258270493079621,1.504792170060317,0.15816370555543213,0.994191711442267,0
0.8345602231643507,1.2743910661751188,0.127096080940784,0.8659764677223437,0
0.8646111095025908,1.8312841664550925,0.10076788135148762,0.8009150861780359,0
0.9041579090500401,1.8614486448461691,0.16678642536074387,0.9146367243473401,0
0.8591877084664865,1.8260620914809378,0.14036541730144647,0.9589117413899108,0
0.7137921623695721,1.6847234118416758,0.15090529387354515,0.8778385704348911,0
0.7763583303936079,1.3345242429759838,0.07857780240951516,0.7726603155180453,0
0.9649682282237624,1.6492986975802655,0.04096229262918351,0.8509227112151722,0
0.8530513206851122,1.8943384722178676,0.14534156647539045,0.7502926446974947,0
0.824547370663161,1.9610789193910916,0.11197350880035167,0.7202101782753025,0
0.7191393349410753,1.6214462761620998,0.04658842728022889,0.9073389405012495,0
0.8305398859904536,1.2467171345998707,0.022490389013983963,0.8517639211679707,0
0.8331466533749564,1.821345235843535,0.1884454289556454,0.8216964470995285,0
0.8903035530583623,1.7923416413968982,0.06676281650514462,0.9766662662666447,0
0.9495980571766677,1.248168130881354,0.1424005825699622,0.9478571799114682,0
0.9077385677031836,1.8500405148094292,0.19049457138032683,0.8781930149234236,0
0.9424410092134912,1.974076238935893,0.15769520076480467,0.8809800939076063,0
0.7621032819890702,1.7294746042052023,0.14779071060906612,0.9090620251053879,0
0.7466805284352224,1.4361236609959134,0.10134063412411276,0.86866825947021,0
0.8364747763366909,1.4154589586502293,0.19244567454062525,0.7129820628461417,0
0.9444472577676121,1.912105993745886,0.17951348154348984,0.7203998376562359,0
0.7097726487976316,1.9226752968484941,0.05764530562430101,0.9406234918066482,0
0.9908591447714135,1.9972434129432495,0.07808807862285827,0.8664570307633639,0
0.8119411585170119,1.735894679183964,0.062296393070249166,0.7957217382726897,0
0.8676903028432446,1.897405382508815,0.0785517857260001,0.7181354707458343,0
0.807612487242627,1.7919598100790677,0.13574017294742582,0.7920211260886464,0
0.9231499533897848,1.0751625644167788,0.19449153303266292,0.8527914706130273,0
0.9163637213460483,1.9628479020383236,0.02213103769350759,0.9346204126409936,0
0.8991239564003441,1.417049853793329,0.10785777757754363,0.8437275305866065,0
0.8279690753670595,1.8534026812712974,0.17502787220548444,0.7873241741492583,0
0.802903350842669,1.3112624220227107,0.17824309069672983,0.7563027069808461,0
0.9617864255518682,1.7663114545735463,0.01860414195972467,0.9578783281407989,0
0.7391723663590981,1.3074998756690144,0.133914920387426,0.7122741144430513,0
0.8072370367541495,1.5616310109882794,0.12616000457929075,0.7608674614769481,0
0.9777021195625175,1.0590291368559237,0.07556353244339559,0.8417251075213584,0
0.7153320322100806,1.5078462419143122,0.058478802114815216,0.9876189777711828,0
0.7632277611467095,1.2472191946204592,0.09042516247447505,0.8193132602611556,0
0.8404352960055833,1.4475191597893797,0.1680946853036918,0.8209734501318285,0
0.7208863819918593,1.3157674673813804,0.16663077032997065,0.8966404686333729,0
0.8358930620575081,1.6461938090220458,0.055277307238936445,0.7730558429147091,0
0.7515627985555,1.9419798659801821,0.1729994945713396,0.7363457885357516,0
0.7409592891986556,1.9879786591261852,0.1538339629777158,0.8346746989363548,0
0.8756998371350786,1.5794784856846267,0.03363860044226297,0.8498616905480058,0
0.717892387125447,1.4443452456422543,0.02194197471678347,0.8654609837129033,0
0.9905079798396752,1.9010614456228911,0.19085438908077157,0.7127799061497696,0
0.9598117284920233,1.276518248770897,0.10158164750858473,0.9680270689478578,0
0.973988119021536,1.815982594216069,0.032757508092381836,0.7567128059031757,0
0.7345114599565511,1.2441803846136996,0.029605975737285017,0.9313349986251357,0
0.9652521328628365,1.0086464148987726,0.07852253336307677,0.7627112463548211,0
0.7786666362203714,1.0237912051231666,0.029792444976413167,0.8852744196362337,0
0.9364718745194457,1.5117427453247743,0.07606368356996994,0.8975680895917678,0
0.8436664041944195,1.943368020953383,0.07169484258443033,0.8639927067345174,0
0.7473719909257828,1.4864695976752693,0.024521082915535192,0.8060438177014942,0
0.7711485754972787,1.133890230041164,0.020329272515425933,0.9561275983763787,0
0.9333683385705017,1.0235151435912107,0.014006975166709401,0.954641662991579,0
0.9711954581212049,1.0951874967523523,0.10755445399899867,0.8622635567745437,0
0.7137761334440791,1.0547352996342083,0.07485334213457906,0.8542617372226342,0
0.943673806254114,1.4998732232614744,0.17758366094482333,0.7183312334875627,0
0.7439338788656095,1.9420301698707239,0.09820830435295021,0.8146327681627316,0
0.7140273909762873,1.1138033093516626,0.017085139862167482,0.8812428883832566,0
0.9187077419478976,1.6581579388991026,0.02273100455684937,0.9624767789289354,0
0.7452000051537634,1.8928061863505539,0.12419092926134626,0.8963541161841483,0
0.968746479591156,1.639415284636606,0.09672517743811256,0.9538577394567617,0
0.9099220344165584,1.8662241848865282,0.1486808974379697,0.9617106294534981,0
0.8175009293982676,1.6785239191892205,0.18199273291165718,0.7717108739552844,0
0.9764664928489578,1.4617601720503155,0.03629730434687048,0.7164606987809404,0
0.7794207786654638,1.2641578387259593,0.10534254899873764,0.7741262894947918,0
0.8629653598830318,1.4853480324748143,0.18815518167366677,0.8207876012679646,0
0.9779966094692192,1.7059580074537113,0.0451628556634215,0.9286335521168564,0
0.8446169588650353,1.1677469111306578,0.06259775785237953,0.7725329985160447,0
0.7907483812961363,1.3684891187329273,0.14622276515897364,0.9426706965423313,0
0.7895772314438196,1.3486429756438905,0.05325850432765389,0.8449651230466136,0
0.7841220017003869,1.6707523714294494,0.1589398984025885,0.9500583542241061,0
0.773406466134186,1.8950534352203776,0.11872640449064124,0.9040253387068791,0
0.8721571232931647,1.8070218446494224,0.1243465765598086,0.9098197990795381,0
0.8171129680949626,1.4903646837944957,0.18859067446880842,0.7501221817050695,0
0.7605288468079029,1.9473230972665407,0.19556949064767223,0.823817175728297,0
0.7070800845348031,1.1682962330840558,0.13972675724197817,0.7442647087721603,0
0.7171926724879402,1.7475343947566242,0.076304260982092,0.7867468652739146,0
0.7482565743475043,1.8348510478614708,0.10292839733097299,0.8160378078782463,0
0.9945193207217389,1.3828189951583634,0.02949782509543022,0.9781904602696998,0
0.8647056596977298,1.2707011524418208,0.10083403015487691,0.9001024539037134,0
0.7915932472249226,1.1103371544579088,0.08841401573876305,0.943008372323755,0
0.9704223273273913,1.9800350188778124,0.1779334422054215,0.7853418853867296,0
0.8623231193463253,1.794289855476507,0.16087457448266468,0.9326573058041613,0
0.9790155477349018,1.3325803647643366,0.06636846681748583,0.8670129891991007,0
0.7791561635789062,1.8936517591972981,0.1638184139321459,0.8302266090885022,0
0.8475149481719315,1.1327198029232486,0.038264702448317096,0.9875587393470295,0
0.7879829883416927,1.1109408838426655,0.1311956189495071,0.9377771118735796,0
0.7079380020985279,1.3887819212140653,0.12424367176338484,0.7865755621091544,0
0.7840690678346005,1.942104223890861,0.19655935812111913,0.8720764763019168,0
0.9075372749028308,1.3723905467464297,0.044540406920569625,0.9979399762204127,0
0.8995998162549588,1.3828959012362092,0.16062443864965606,0.8173724057634659,0
0.885035186118213,1.74188850875204,0.02848635374082598,0.7488915186412455,0
0.8578790397458809,1.087666170080618,0.09272900923370435,0.8709095430465338,0
0.953381994824789,1.1128972569196667,0.1137774301956526,0.8667161468997276,0
0.9363265085273074,1.2731716270428497,0.1589919155847122,0.9420239099322637,0
0.9642588733548758,1.0718783872681152,0.05482796279866838,0.9925729282829902,0
0.8736384805052473,1.3095480301922582,0.13630560222535903,0.7481362058867826,0
0.8990088301216369,1.3378747740963055,0.15983647432265294,0.7494651618315684,0
0.8399114090176355,1.7021369668679132,0.040670723207995925,0.7501639729414192,0
0.7106172683281005,1.4640956687610052,0.14684698847712832,0.8412928098234791,0
0.7542381925124649,1.5185408242585616,0.17314959161701723,0.7362326481951594,0
0.7404641807899579,1.9148161029663937,0.038981888604908234,0.9774225895821034,0
0.784629515330522,1.0182299941025912,0.04612856288931714,0.9608743326068722,0
0.9783691970597584,1.2181216292127144,0.03989199226427691,0.8790607894845689,0
0.9387425430364499,1.9109868974418927,0.06464228879471114,0.907306521035423,0
0.7196039224657442,1.552903014257545,0.08160631838318523,0.8762601607642039,0
0.831421092520175,1.2129276410981744,0.19059644286235292,0.9765201581839801,0
0.9741857948076406,1.5418044978256455,0.11437203256418853,0.9379484633132964,0
0.9219703411533969,1.8932149167036905,0.14821635049635523,0.7030508271360906,0
0.9951509685435747,1.930332161548849,0.10793891420363506,0.8521337800842589,0
0.7938852322848265,1.4766766706123293,0.14203975491554144,0.7690165496873931,0
0.860504165467841,1.8026199937189245,0.12409673415199923,0.7131746640737205,0
0.8385516533904693,1.7276335412642179,0.048885491972303706,0.8556063276317416,0
0.986579861787689,1.2994326204105968,0.06010228792183289,0.8322425892130869,0
0.9235030951675948,1.3265171075600402,0.10112338544583503,0.830678253393833,0
0.984617402946459,1.3777421297470953,0.05980939068433611,0.7789425136879273,0
0.7491805402596154,1.475140808274841,0.05055846728856438,0.8433015223095053,0
0.9194693038940605,1.9933553974465417,0.06474830356489572,0.9578611300881316,0
0.7859449987744412,1.0955986406884297,0.047603023813813226,0.847198897481363,0
0.7558761168048551,1.5266996709134815,0.05867854906514474,0.7876883967437401,0
0.9130688272272149,1.6080948806064048,0.11151586560545368,0.7231769372308698,0
0.7788150316710866,1.007387709015147,0.1656013717140984,0.8987513528720108,0
0.8598536535156088,1.0633734373783155,0.07160484522109259,0.7204402943380455,0
0.7114745678251985,1.0734108151545039,0.030885603872838622,0.8891135096651209,0
0.9420042602833772,1.733999482964057,0.12422219164892495,0.705648508525527,0
0.7734872808919387,1.7182642461788125,0.1194610123218459,0.8574215830308225,0
0.8269895782519068,1.6101088776687553,0.08543953521148556,0.9140225680591757,0
0.8454546515659288,1.7673679075749864,0.13907227293270996,0.9041479549412802,0
0.7811201477006069,1.7941907089336926,0.10065402132040878,0.921070160969486,0
0.9713186580880309,1.5791998051046625,0.1933370097480481,0.9889191025411623,0
0.8312335704567393,1.6392783465288137,0.18167851708998123,0.801896994849828,0
0.7726550244035034,1.3597023135617123,0.08353311717020336,0.8234248476467865,0
0.9325604372221556,1.4729212853245537,0.08699369066815188,0.8514100506505339,0
0.7713947796262669,1.2840390444903451,0.06068789911853477,0.858821758961878,0
0.8123333570885388,1.1514031872299895,0.1460599118229898,0.9668856648350809,0
0.8963065207320275,1.6439558302065025,0.1771256735734516,0.7624074086726486,0
0.9928642941032916,1.8450673359815788,0.15192534943061803,0.746523940871793,0
0.7418667541288071,1.0701420616711652,0.18318988974558295,0.7156852628154546,0
0.992660451308008,1.0420303880373756,0.03071555202140525,0.8363793784447305,0
0.8200168058886043,1.3130894354756089,0.18316354506758878,0.9325303912391137,0
0.9249814212457801,1.3858060028588495,0.06365712875157209,0.9003072152419302,0
0.8175477504942333,1.1496405014714226,0.19398739621522337,0.8386073203220004,0
0.8852115425936049,1.1460851897748774,0.022747276093485404,0.8946072757235347,0
0.7168515073538072,1.6567533330544122,0.19525520261691137,0.8234502844926319,0
0.8967205527975606,1.7374068698433438,0.1267215280972301,0.7531597908404939,0
0.7395722580132466,1.1648351816610325,0.12074457923408297,0.7952059853871283,0
0.947459493866999,1.1599990924186665,0.058800685262811646,0.9016611299156817,0
0.8514609972116636,1.5965229854494334,0.09796318581190108,0.9607789033918545,0
0.7838450044502453,1.638344850471761,0.06926938639012489,0.8325053388491322,0
0.7002437628766718,1.2290995747241018,0.14769030657414256,0.7016335351342146,0
0.8081605759997739,1.907198019329854,0.15254429940448372,0.79142314039813,0
0.7949381845492582,1.051171888011091,0.030617985341065388,0.9565568218893182,0
0.962850857337296,1.9352880949214166,0.08019958722869128,0.9215424666810584,0
0.9915245567535318,1.121253997331892,0.189684169913471,0.7298456578589967,0
0.7369150774924299,1.9697447480153754,0.08961798742994716,0.9836859519258844,0
0.8946683876869486,1.3515220670379202,0.05604644235287332,0.9244822372124437,0
0.8672590238108422,1.9478398997811557,0.10061548540181614,0.7211325720313598,0
0.7771520477962148,1.34103184107575,0.0504498731497355,0.9278024367349812,0
0.8762657554355411,1.8008300812948534,0.11996257014508974,0.9351844026645624,0
0.7096697759343021,1.9045867282512272,0.07640005658697197,0.8524745403338188,0
0.7159864971600343,1.3530402281715037,0.16549499800109896,0.9854367186828088,0
0.9307101490496721,1.75861802496289,0.12436572412095791,0.7309184528800029,0
0.8586817041988931,1.0816693922802068,0.04164979324946671,0.9908167511642246,0
0.5086327103592392,2.18053318852964,0.5558303729656742,0.2984018658174594,1
0.3013685229059132,2.8211116353592023,0.5497206577043484,0.3250051196864319,1
0.23270713598318415,5.1136145237819,0.5459418320145785,0.44327560370127655,1
0.346548851496813,3.376397031670707,0.6509876164909852,0.6499873277470928,1
0.20648149205149618,2.9530574610267175,0.218280067795939,0.6635778325231808,1
0.5726530852808978,5.374618296208839,0.5166572591324349,0.4510011886332806,1
0.48149181842206457,2.418039482683779,0.6035209621835113,0.45254290075097403,1
0.40628557345197114,4.470478984409196,0.6939901656458082,0.21218003396149215,1
0.5004358419261701,2.8171030527260665,0.6911414789927025,0.5920817394329831,1
0.3567867691241772,2.078468522316445,0.2808544439137399,0.2573839459145175,1
0.6222700540940858,2.0833515490741084,0.33493417358049105,0.34261748969856426,1
0.417485997651066,2.2162512570823187,0.30595446911099655,0.471672590525237,1
0.6856459981771513,4.790034266905446,0.4362767047040698,0.6136174870952107,1
0.5320007559682386,4.4926728740988375,0.5501085172728003,0.34778524932513066,1
0.32872005857555514,4.117088403571646,0.3329268544637124,0.31543362018411825,1
0.5076744358905751,4.252503038236503,0.24875924298333812,0.6132864032730502,1
0.6338831773819363,3.7765285390059113,0.427461705963639,0.5843033954691437,1
0.5206107342182124,5.485424359985689,0.42858206956777073,0.5443331169411355,1
0.5848704683346572,2.374270382450603,0.3221735405119991,0.628014654001509,1
0.44223273421889836,3.9950054149545564,0.3540209165097765,0.36712412152304325,1
0.4044913546203774,2.309085496714524,0.33551603655472967,0.6327439203820007,1
0.31751501755475653,5.285639771304897,0.6053720312732581,0.34031218237889865,1
0.5922551298253907,5.313597104564766,0.6575279242408026,0.3889213936506787,1
0.6609044990501819,3.3747308897096047,0.6139311660629879,0.4019913399658778,1
0.6642523675634507,3.829755400503365,0.6804875433409566,0.43790366904563105,1
0.4556758051745933,5.242297140236268,0.2433620027218215,0.5270420542422889,1
0.4731739254500786,4.379097007615979,0.606002783023678,0.6017377539927634,1
0.32139503887997606,4.492477939143027,0.3230877087147209,0.5170363745578512,1
0.48612408314296374,4.213571697007366,0.6318454422785329,0.5269839618759579,1
0.37754464235894997,3.654060630785851,0.5300935050725484,0.26274802108711925,1
0.6811592090034534,2.8813874820907177,0.6550283166754718,0.47282756318618135,1
0.6455699943661292,4.4039603158866285,0.32266173091252004,0.6233901479749154,1
0.4966572867420204,4.302184690650477,0.30878606908116796,0.6362638210496511,1
0.39394164303896506,2.3502043514008943,0.37408828394850097,0.3555114733955967,1
0.43156983769095975,5.864863355611007,0.2550390874204366,0.6376591986772996,1
0.47085345333596734,3.215525004302025,0.4283332028862472,0.37157953029847257,1
0.5760152544311287,4.379766127857335,0.37302639944557675,0.6309025336657077,1
0.4403267623792465,3.407617484688863,0.297384992917567,0.5585361327662575,1
0.5843023713582324,2.2137005709112287,0.43555420283676893,0.5044785579598177,1
0.6507290216191557,2.9262577053072985,0.5479032993603736,0.5327217057669783,1
0.6824778593991759,3.9216646006570817,0.46658742996020824,0.6213634946790404,1
0.24573995053237274,4.516021084080764,0.24833918314374154,0.32792524283810576,1
0.2840588165821919,2.991339197973457,0.5694739671802846,0.2219230650972508,1
0.2678795046115788,4.8097202246232325,0.4384108843363704,0.4312976770021449,1
0.3848214660706094,3.3105656890731296,0.5215304937413593,0.6841651829399944,1
0.5049142755327071,2.4517815836831462,0.5822114617186986,0.22710303680974153,1
0.6205935176551745,5.138291721664181,0.31657014486432716,0.5788110958990337,1
0.3126309542796054,3.593635396234665,0.22530152085963717,0.3871012473735675,1
0.5225561681419973,3.7069444915013543,0.6292572653110413,0.592523479308133,1
0.48845647912371465,5.946335728213338,0.33753848782146345,0.2177319234905694,1
0.2878258570955694,3.9857526456910337,0.5092213865519778,0.20439466066628226,1
0.28303094796952283,5.125983107470194,0.5365481448902839,0.27323945101973013,1
0.5124416944133402,5.932839390668241,0.6014534783010673,0.2110900827022445,1
0.4416527461876458,5.385139698089189,0.6433407534263755,0.21375086712737362,1
0.5428064467304912,4.6719908002020585,0.5941513399122423,0.26380098392006807,1
0.5041487192026348,3.0639743864230318,0.5404910164449376,0.26291704660382886,1
0.24912864830323278,2.7242860493398933,0.3846611546788114,0.5369555662647085,1
0.32838920587881615,2.1963673335810148,0.5725632822346781,0.2202351521074875,1
0.5738255307386073,2.0734390999650025,0.21210123831722139,0.6128674756871727,1
0.6359082390763561,3.5745596206883703,0.5091183694121104,0.44573120248916115,1
0.6920185804229332,3.6343030495357658,0.41665809638431933,0.2593434203971375,1
0.33433787792039427,3.653197663541342,0.4140668581512637,0.6146878646317101,1
0.24292584998795774,4.132862254782136,0.6071366621092773,0.3342177302792968,1
0.33605976619397265,3.1262936894608484,0.3869117328629134,0.23486971127025402,1
0.5136392418728718,3.5682893635479296,0.22191348066748545,0.6645149055554597,1
0.20025626006197528,4.412109038062617,0.6411515857202561,0.23979280342114884,1
0.285499202345726,4.706255256874445,0.5137233600326141,0.37246852150967286,1
0.54703193601203,4.6675612657114405,0.20720156120763106,0.600606348932557,1
0.22401575707680238,5.8783329593855695,0.4640857899231872,0.2112175860000825,1
0.48242482376834134,5.545786234763871,0.47359353562840883,0.5696763588994247,1
0.2688298956408964,5.684126789139761,0.4455495255718588,0.34968088538774367,1
0.39807101989262433,4.8820044904460005,0.2264660542152963,0.5436012094711792,1
0.6077465207331603,2.3777431780353204,0.6566765018029879,0.2581680550755722,1
0.44104080567377074,3.3027388045739214,0.6473192719598337,0.4486422427770445,1
0.47908397169214084,3.5149742402384225,0.6494894942451805,0.2787945139689402,1
0.6764622002493234,3.8934570359348326,0.5350591118424242,0.4057676151816122,1
0.3310769533531445,3.9584788107252,0.4392746171450468,0.30871462236131286,1
0.2961766792838707,5.65730204961123,0.6942521783415081,0.6129322156858804,1
0.38102211546416226,4.2122142335039285,0.3927257552069509,0.4494973953240308,1
0.43021420091387763,2.407719838586552,0.20919234527907005,0.3985742023916844,1
0.2787776886368254,5.551081103130198,0.43552723988464215,0.2042460300641677,1
0.3818620310507619,5.523116286266957,0.32518981131572383,0.3539213832067138,1
0.3623005239072419,5.254340086329593,0.6306558703983483,0.28261887715993533,1
0.6863088735412287,4.000947131823053,0.4250226858383612,0.26784270558943574,1
0.6999703911935887,2.5818039623754108,0.48647524061389097,0.521762567717913,1
0.25919284909909907,2.8568848070668698,0.6194515454033165,0.49236795447007553,1
0.4806848946000137,2.441718929855503,0.42155497581254675,0.2930749883538129,1
0.21146155066335115,2.73166634587749,0.5029551859553547,0.5199930109660996,1
0.3727936546691678,2.130235225726185,0.5191775756484274,0.3678445730787959,1
0.6162370881842318,2.737433928952098,0.5664825917094224,0.2880111499910769,1
0.6992115895863291,4.697409891318788,0.3836193564603641,0.4077586462718749,1
0.31741468451579025,4.428827418437701,0.5915014032282537,0.5008958145493485,1
0.344991098448606,5.433678957776087,0.3998078192166088,0.4754285168882961,1
0.47184885931158144,3.7048387730370447,0.6569402098500281,0.6082077253138808,1
0.691295686189807,4.79734084759137,0.6930754916061099,0.6519549403871169,1
0.5323810094754331,5.5760724056133135,0.21914255214611328,0.4095088402232337,1
0.6445903605833054,5.644640977663141,0.44216913933735075,0.46602995862614466,1
0.6373734674379813,3.0431049855525614,0.6982035082947443,0.5182047100174411,1
0.2456943701194063,5.268763299708856,0.6612862948735345,0.46609326771323845,1
0.24097576545006377,4.153761546987619,0.3061271795830808,0.5254339351267368,1
0.5446237510315561,5.5985088159781995,0.3546658036410246,0.2473268134749924,1
0.58979198578305,4.636102784018618,0.20000470221603117,0.487996761930664,1
0.39319632060775156,5.660309277464715,0.24047308747544016,0.43815171600458164,1
0.28309284911895044,3.5865771286739974,0.5767560385484808,0.6007386520592627,1
0.30033538208773863,4.88466328054654,0.639337699723888,0.43491040609955406,1
0.3698152715172461,2.6813542239866033,0.6237820576300795,0.26553793347391064,1
0.3931160784670151,2.7021553685958035,0.31750483802210117,0.40321195088463474,1
0.314152708132487,4.352752070440828,0.4315869220830388,0.5249821157966079,1
0.5898346788480877,2.929248636914046,0.6528682568568247,0.22246349503402268,1
0.6937175075912562,3.8147148500222072,0.2985289986640818,0.47792461930039526,1
0.6930671199034162,2.114483884910953,0.28809829190911584,0.41895818874010904,1
0.24583057857008733,5.566493818477186,0.6722970191858195,0.3679231967917384,1
0.43232163446660293,5.283531398034846,0.5195206701191573,0.3469078589468604,1
0.38452394511528576,3.5069828864734087,0.44298171665176506,0.6656048005388624,1
0.25359487018180854,5.5833018821138,0.22597995584735392,0.46090972435199573,1
0.2522683196793964,4.62244340412355,0.4542388217950026,0.4781900197782968,1
0.20000068550539568,5.316250903918698,0.392102399227724,0.6265535486456597,1
0.29461006382910704,2.992390216270224,0.4840832059021933,0.2501506386561148,1
0.26220026743545377,3.596299449137832,0.4863017496605046,0.662141362162548,1
0.31071542665423135,4.470257247540508,0.3417389312185466,0.5548623143083432,1
0.48893941799315793,3.45170311980407,0.43890514618831716,0.5795333105787439,1
0.5834467974628088,2.900761127188188,0.5886174522474402,0.38603728996722364,1
0.3827532798547766,2.1847869856252013,0.5533368613345526,0.3933715473137867,1
0.5748091545810212,2.1839829986744244,0.4948823184072291,0.490249551914397,1
0.5094605242861269,4.552150614085695,0.5418517615872667,0.27073895181950275,1
0.4664379694556855,5.182744002966555,0.2596600372503934,0.3928711946615286,1
0.6138357751038828,4.0644574255428925,0.2699868576469913,0.5524276768511298,1
0.565695750380427,2.083679424104311,0.36611203783231294,0.6801504862283025,1
0.38383888962138585,5.549594581980879,0.35898930999320344,0.5509684130818765,1
0.6678803659908082,4.821592020663447,0.3551583686689145,0.2310047391930457,1
0.29340038228886095,3.926428933531033,0.47760243392062923,0.3286640866871828,1
0.4826997844143272,3.9640990335781385,0.3848751479412206,0.5848401085289259,1
0.351196479273605,3.3498245930701014,0.5382719286829943,0.34596106273506566,1
0.516847643110328,4.587551830325131,0.6120978692303468,0.2863830316828245,1
0.2809209128059063,3.5920208945960277,0.5460828741673445,0.4454082480843696,1
0.26005991375500914,5.491312500936338,0.2714663858106444,0.5965482408838385,1
0.5480894232094149,3.5255942412659604,0.3479514839392011,0.3446270291878495,1
0.6589889849870327,3.9859531107522987,0.6604533661390571,0.4049445143190364,1
0.37889345119622253,2.9380395317909795,0.604790839531881,0.556164608034363,1
0.5042824735636617,3.0985667414342863,0.25095656844260705,0.5575012924565292,1
0.4320159454383434,2.3783896080414517,0.5571413063516183,0.2929220546481347,1
0.4674968331151077,5.863699188829605,0.40050575388551035,0.44416605897252714,1
0.545306431095084,3.410348675689035,0.6043156225471685,0.37473122705029316,1
0.5469310385412487,3.6156109168644917,0.5699724747087587,0.5231468777862919,1
0.23574503283980547,4.072517065128219,0.6888431945055796,0.3514247018423962,1
0.4001746619059963,4.514008701389046,0.35094613614366454,0.2299799243532148,1
0.3697286441572953,5.887830008970451,0.22178123192163413,0.2066630266492714,1
0.4268428102449616,3.3658764204963165,0.6304820344900083,0.5325657666065442,1
0.2955705409640864,2.5094912518101347,0.37650466002440697,0.6702567677142294,1
0.5791951958260418,4.445460277831576,0.2947133553341489,0.5526940629583363,1
0.6794960739207858,4.680487612348735,0.4440429871439972,0.5059457404575475,1
0.26325927999787546,3.5863449742804687,0.2684543643087812,0.5446126384612583,1
0.3643279984800235,2.1587885587030615,0.28252017792999545,0.6505559949169263,1
0.2210000649262832,3.2396457820422047,0.387357531439631,0.2180743055155714,1
0.29922446355113075,5.281473534089039,0.22339983851696388,0.49348405337736473,1
0.5374912598038812,4.952917731933631,0.31681846246706613,0.26370222309400493,1
0.47408606310142437,2.955019086447878,0.46649059619543526,0.34914721917393404,1
0.6641780613343253,5.575977560583108,0.6989023479293197,0.42680285989208133,1
0.22845405160183224,4.28623201877582,0.47260134294980377,0.21576716290455367,1
0.6806929314007195,3.3691479774464725,0.6044210473603058,0.24141837850671022,1
0.3114450757744955,4.390008394452667,0.5717965797286149,0.3031435265512355,1
0.6153606200117269,5.728081293877022,0.5374814897821454,0.6486833923065334,1
0.5415485390656841,5.37130131290705,0.5424348118805942,0.26347131135824153,1
0.5305349764615755,4.511762231833142,0.2874817071433126,0.5391012239844986,1
0.5957152836392692,2.673474742495009,0.2177689594481892,0.5585693459333324,1
0.28608386993726687,3.0943482575337073,0.48604687617737796,0.26416707610415596,1
0.6439011865457416,4.79288160178948,0.4836621340737268,0.6486398486479802,1
0.6728816277916319,2.2725258906827364,0.6442412952551214,0.4099283404396309,1
0.27705667899095365,4.397888134950475,0.6846825615842121,0.42100143329890927,1
0.2201868250566304,3.236008725909691,0.2925152781947683,0.443637675509095,1
0.5389577571076892,2.46725349368558,0.29819180683523117,0.586068755553838,1
0.4764537966636987,3.802098082334082,0.26856803315302685,0.33786144515585476,1
0.4290868336495957,3.7751167101826235,0.6182085629048838,0.5286202376830288,1
0.2169360971453385,5.4667469087664795,0.6979353717692393,0.5064835112439378,1
0.45794717385112454,2.084887254458464,0.577867489238915,0.5898311757064272,1
0.3147787961404555,2.709254928963594,0.6018001862428718,0.2627588285142358,1
0.6507271246942743,3.602115181556989,0.6072032561466645,0.32432753523768826,1
0.3818855256029886,5.2598726515594105,0.34012903063914646,0.527591509782392,1
0.5999732660527968,2.4840827704121264,0.41839769783447783,0.6019209810395402,1
0.26796990274972626,5.340296860723136,0.2151140355071543,0.46374606698834897,1
0.3663236290912229,3.9099966818532863,0.6928924884694966,0.5787415494989443,1
0.48920070816566424,5.257540900853974,0.26494309586357806,0.6907441543888782,1
0.20856004329983352,2.2867394958407377,0.3316355352093498,0.39207706817340576,1
0.2531982663941241,3.8186359846861873,0.5845432090006794,0.436013056746895,1
0.6571390156226181,5.357447950684478,0.5063871137744093,0.4418170969900226,1
0.4124590111884384,3.0207695388238736,0.47191389514140253,0.33726941896050067,1
0.48593505503029794,4.395035351407046,0.40764383339394855,0.42407424953294115,1
0.4562385807497933,2.123148645791233,0.21255967788328256,0.6254093468538298,1
0.6160279428690347,4.5918568659746235,0.5899669562928794,0.48841565643252194,1
0.543216405983655,3.33449031772471,0.31857158753918247,0.3551945008101081,1
0.5703541715252395,4.32140807679773,0.5129115806214564,0.617450847078107,1
0.23402660659415736,3.203093284313025,0.2874474859236844,0.20366179113060556,1
0.5683121192702938,2.095262268978845,0.31208678738017614,0.327691082107555,1
0.6361892263902379,3.383807327574055,0.6824981548430268,0.2905794974415799,1
0.5993129598650525,2.881917254062371,0.4498613824489983,0.5287042976926619,1
0.4026799883842558,3.344120340865987,0.3095890821478893,0.5934547980011052,1
0.5594562044292848,4.167533503868608,0.6062538228558612,0.5187248744437047,1
0.5234801350013499,3.764749436764056,0.4576130344385601,0.3391018412716558,1
0.2995976317062216,4.60676224645801,0.6120230193489444,0.4054188315442694,1
0.36165348016964677,5.793737744626962,0.502050016150682,0.28222890501225684,1
0.4923568769564462,5.646343592408547,0.6484909375368193,0.6450699855789571,1
0.22214512819597831,5.0330350079107085,0.5571163113209283,0.28848260392603725,1
0.6908940963839423,3.7972125752784485,0.32649832946512003,0.6270565517515075,1
0.31580364108234754,2.967584199354914,0.38809429019057223,0.6869272727551154,1
0.6693802177714894,3.7112401209694648,0.4946577577353553,0.607819956146258,1
0.3577928602415471,3.4509447946363,0.3827935368547346,0.5153355255659081,1
0.5557287533331753,5.875714585254457,0.6709339937435139,0.5277823745164627,1
0.47741438814350734,4.232639717345647,0.6488397562776553,0.4990242665150387,1
0.6201348829533817,5.429313158943063,0.42795311599194535,0.36332052058188125,1
0.6267688870424286,4.576971991974657,0.6628285334259972,0.478758443880417,1
0.25103264611963133,3.3144120761155444,0.26914464917659275,0.6020456092772924,1
0.492504752348612,4.2750317642177835,0.3666606053049883,0.4890485161954337,1
0.4944100320628819,5.251616930349771,0.2059725409501036,0.37346337883786046,1
0.6251947579301965,2.0443860567637677,0.3729930257727978,0.6948233553303755,1
0.6973851296761792,2.974231054184275,0.6876261906242925,0.6672084175681587,1
0.4198251747341384,3.9646132614933505,0.47957794210594423,0.6052639662502386,1
0.24941837983315673,3.2446050885807867,0.5535079573691439,0.4582501522953562,1
0.40633268328634664,5.564135096515358,0.6839431009052653,0.3011513699502986,1
0.37912595957188994,4.90317285968032,0.34554357818331627,0.6712849861112118,1
0.4372727533143528,4.706449212423126,0.24269651471974996,0.511881642976726,1
0.24613645466161793,4.07018141692213,0.284350035547041,0.3057904409672336,1
0.35125319443789177,3.304091556224623,0.5347549549713042,0.5488381215434686,1
0.3642140981426238,5.572366894042733,0.2626975271905881,0.6144632736424365,1
0.6674167902048226,5.05221818922338,0.32257291624253176,0.22445879946640956,1
0.6822678044801722,2.2748409919999055,0.3476475869045238,0.48804369105752315,1
0.31695311496685075,4.721528969441053,0.6527986897471055,0.5810670573827903,1
0.6560856100799684,4.184322103648982,0.42803679738815714,0.667992651908097,1
0.2614306262800514,4.671294865258383,0.4393662406308942,0.5994623768426359,1
0.6951731420313052,3.4213379080435575,0.30693243276222915,0.541576365753142,1
0.30595407395571317,4.077024629571916,0.5381059405058489,0.29758415342764444,1
0.2161504701989227,2.794195678199141,0.2769110700012652,0.4388989946848377,1
0.6895908894390039,5.395627673679533,0.6333279663629117,0.39935366948050854,1
0.5117198712636124,5.697408078976528,0.3467875378371942,0.5399233053310919,1
0.43878149552381734,4.419681916379118,0.3196321762731239,0.6964165441330085,1
0.4298527466841982,3.531667309893872,0.43679480549905764,0.20586196484987435,1
0.3904612644491968,4.01389308253274,0.5995964770556673,0.2707609100302122,1
0.20867219050511504,5.561399900224125,0.41998169121193174,0.5230075141234689,1
0.48263068623523653,2.324946766933334,0.4169718503334955,0.4754233501071686,1
0.2849969201669943,4.200753292996561,0.5736960533988564,0.3889148481143368,1
0.6053760835354295,5.261402461736873,0.4603036700368608,0.6314355945941809,1
0.3994237110895902,2.758319002856207,0.42403249703411944,0.6620140228142529,1
0.618891569928426,3.809215747390541,0.5358080493360367,0.5413267169358165,1
0.533840970958032,3.5191679633466015,0.5531544622574395,0.3229487641781642,1
0.606600415614881,5.036044576490561,0.41879794262821995,0.21785365685160807,1
0.5829039437614627,5.317954231157758,0.3960030907611329,0.5693601000479045,1
0.6656134148946071,3.156473127893284,0.3121325467278243,0.5207561204032776,1
0.22273449131366202,3.1100100494078524,0.5893341672807233,0.5126841280970804,1
0.4734708588409657,2.8809945211756625,0.4407359227234225,0.5519213565291757,1
0.5855973456631102,4.890046985133836,0.3423387390630807,0.2752096376114201,1
0.5425213876693944,3.1340627896748816,0.2649515349641295,0.4504667111325021,1
0.2947126154079856,2.3020657308943964,0.5702764655121048,0.6329591642186128,1
0.27487537506424203,2.8434668466469,0.2567721469704634,0.6813620381795863,1
0.41705785296108183,5.554171712316952,0.2258430565827521,0.48977364610329804,1
0.6458580780428816,4.04081262022611,0.2913940732339368,0.5611240047119815,1
0.6651913428636026,3.498718410785325,0.4358423313258483,0.38564662245848574,1
0.6217658294125892,3.458222489620226,0.33237176581370503,0.2712151925851753,1
0.2188255742326266,3.9500068463502536,0.34514274447260435,0.43101680195463044,1
0.2590852056063895,2.150361726515836,0.6313326055992594,0.37653567853504466,1
0.6143911764609234,4.343354158565113,0.5569978887983652,0.6447107625483206,1
0.24835750231204745,5.564669902287937,0.41659568466794344,0.569998597915748,1
0.5314515869622217,5.980523066045972,0.2103547122072536,0.2394738288247656,1
0.4723717806373093,2.229472713939904,0.4856010543268632,0.6944673064525493,1
0.3056620495202571,5.872180942042158,0.2583292305467401,0.5399438474162594,1
0.6523669754105507,3.814915215532053,0.5712368351500964,0.26033821038874794,1
0.3369765443796401,3.251444771985204,0.6291489669760139,0.694352778765141,1
0.22736200248106608,4.871625262403203,0.5566287453488655,0.2284958005560711,1
0.3919831317604869,4.762885213384974,0.5931652099534974,0.39961468717928506,1
0.5218908481588733,5.74089964895692,0.6947636724659741,0.5098355737511219,1
0.5721832801509698,5.279661928468192,0.27809931227234136,0.2150371457522613,1
0.46543947691687815,2.779135510394784,0.5957896722460683,0.3739860623496005,1
0.689667506262287,5.249311900757508,0.6610813171719432,0.2710360743712356,1
0.33815361195248167,2.2331172367072174,0.5986419173626591,0.5045846742672245,1
0.26003909665424085,4.055559586767027,0.3127177867067105,0.24756087083304695,1
0.6179742716872293,3.2176401435451365,0.2859617299471337,0.2409955335813273,1
0.6972931161194852,3.9355192814293294,0.48723771638052443,0.5106378996314475,1
0.681862524708066,5.58531611353553,0.5865982838265225,0.2701879299760446,1
0.5895170285604611,4.120000485577021,0.5845157429644174,0.23782825365546434,1
0.32099376139622776,2.263433560472014,0.36974593664476546,0.2537044210521456,1
0.39813749806958576,3.378074175640983,0.24521472669744232,0.5440522464260883,1
0.5138422368313298,4.481411745452293,0.2208246145939317,0.2829393773743156,1
0.49113645351757396,3.1575442835934435,0.48548248167981645,0.37649086957320577,1
0.5747945394183522,4.055662922252926,0.48371228962038987,0.5861974257773855,1
0.520982927794855,2.299287308476371,0.43703595751813035,0.2682277044694633,1
0.24818402281734114,5.177210338142748,0.6666093340253738,0.41407410999993594,1
0.6333961531011589,5.914707640104281,0.33167901198581,0.5283482589564598,1
0.3706450677157747,3.3273585490188857,0.6460385547970858,0.4876960255536916,1
0.4655342767015193,4.586838817452299,0.37561613484846224,0.340913578963501,1
0.573499294909459,2.069018271952711,0.4421647883613884,0.6442844931750604,1
0.4394995368238145,5.176044338008981,0.38225026295584424,0.32758772946160103,1
0.24233865448690323,4.172505055037719,0.3557013529682351,0.6805250369816933,1
0.3928260606404356,4.890159879200645,0.4499538794387654,0.6642789897976701,1
0.5525966398362014,4.753463792618202,0.46989844519899693,0.6406026717959715,1
0.42620198566162293,4.679238496408944,0.6757124840151473,0.36431639018823186,1
0.5888665416786245,2.0304317113246846,0.49023168101728554,0.4320648301982233,1
0.4238338503391562,4.178963235254885,0.32101335764295974,0.4824280702900264,1
0.290053490097883,2.2316454679218727,0.4365104345492513,0.24617656800275423,1
0.4279556855102943,4.2053099574753645,0.6803213632163139,0.44958058110128574,1
0.39693359067262524,4.5763195840743816,0.2263492352768267,0.3440110014973914,1
0.4718987202150152,3.237302470438887,0.5188262634363238,0.3152260092294689,1
0.4630247269409494,3.047156426725264,0.5113969879227235,0.6717840438988018,1
0.4101986824330765,3.9384137864945767,0.21837675817098112,0.584263949825825,1
0.39490662532348025,4.05003821492849,0.3679826719777671,0.36785017738513975,1
0.43696059031823853,5.7768371635197795,0.5858712506048727,0.5351936693298978,1
0.39654939679650747,3.2963547792181163,0.33357756924100035,0.6257427462267017,1
0.5692713887059302,3.108673501712738,0.6326579923988708,0.5804604549404825,1
0.5624553849022659,4.094445924543738,0.565048148335241,0.6239297726164564,1
0.6219005691621811,2.801912791789026,0.30395621776948223,0.614622769171901,1
0.3016455543400391,4.138897144003632,0.35542509600238137,0.26632001343054307,1
0.447367168618895,3.6646873619639835,0.3314422615576766,0.5278668718775067,1
0.6626601061930896,3.0566896443945253,0.3596187095133799,0.2636144756259292,1
0.3429383330925185,3.4807542678449326,0.5946077285487832,0.636700245641394,1
0.43571921486831305,2.4385175760714395,0.6732461227059888,0.3053931242559794,1
0.3167739422026968,3.1097238507054636,0.27921259973349055,0.35035428579125527,1
0.29994008837572284,3.660580467702245,0.4541313216500157,0.38457679849649995,1
0.5159828632356908,5.222501992225972,0.47229870015113656,0.5566074398743719,1
0.6263353110233142,2.855578170318556,0.5205452572315392,0.5574483117868122,1
0.22332903866496717,5.4509923721169,0.40039446806685564,0.6281755571645794,1
0.39046709642099264,2.0283748990437838,0.5669107086410824,0.6646342255171293,1
0.4041241050186724,3.9562587281135513,0.6419793034678783,0.45293821857724637,1
0.5504612369152407,3.634788444242162,0.6412660601655319,0.298812452916532,1
0.34949285678519443,4.68135238602518,0.59843429774641,0.48417764302578237,1
0.3738855364913699,2.69262170775741,0.4378966990396947,0.46927772244297644,1
0.35891249610337983,5.374193079546494,0.5234022545164085,0.3772933855352892,1
0.2707142905336551,5.446796803507997,0.4202538462963529,0.5129581159869239,1
0.2835219169129912,4.403151937344023,0.5226231435689339,0.5113281395693784,1
0.6112099236639306,3.446790933425727,0.651429940591986,0.21587441883002778,1
0.4168603119354716,2.9640552266561175,0.5862967989885205,0.2063878973875754,1
0.5446371500316923,2.5147979896523447,0.48442007483021143,0.4401768504941281,1
0.33503489646792917,5.840364410740611,0.6927973655181887,0.2810055754010503,1
0.3838369433755177,4.70369463964985,0.4753546133071422,0.5250335173296045,1
0.6127260103449127,4.228820476191512,0.3293199935466055,0.2212789900390184,1
0.45045522457616405,2.109347003993197,0.4898522550927848,0.682443225085741,1
0.4903390454100215,5.804218736609189,0.6544347178851644,0.5821588605287072,1
0.6458712911815718,4.719550148971588,0.6278911246097157,0.5750822865853183,1
0.4188765984599788,5.187588409126676,0.3584710071119501,0.62567511897915,1
0.209092500463038,3.254177920513205,0.4229730367337818,0.3008669823332758,1
0.5053865789239894,2.5045671828192666,0.3983474664874624,0.24329590275754143,1
0.422676069856036,4.56740156035684,0.2522948687309701,0.6436033767029719,1
0.5700202011861236,5.208694553914425,0.2570692358285997,0.690048850287224,1
0.6874214365382488,3.402232717928929,0.3418666928807373,0.41793228929057513,1
0.35403761437564385,3.224922519982075,0.5359640724564944,0.5737337133889815,1
0.6451930432569286,2.768065463185814,0.401701485445438,0.27963037017594805,1
0.2087769347239578,3.2256222956740728,0.4493658682854965,0.5005667213957853,1
0.43571851599227795,3.0190754042446546,0.6764860497258541,0.3785909038340238,1
0.28692711834167767,4.2456722870955605,0.44519321259192823,0.587341115618818,1
0.30949450680891394,5.1593324794223525,0.32354332037978256,0.5093840539532123,1
0.6185973473888547,4.267278294251782,0.27159817867214353,0.22917078820357756,1
0.4317964879827548,4.975536566172787,0.23544144637707087,0.502835684519481,1
0.6128220136738134,4.802102706058158,0.47762253664394644,0.5403552161126198,1
0.6942928478742881,5.491496946096068,0.6543583219400955,0.6525428427151476,1
0.4906494008144961,4.785606268045001,0.44873776333998383,0.32025795995644474,1
0.3679748518617673,3.0031708710880363,0.4437545333212798,0.32087825497934264,1
0.6857277987575927,3.4682830965129963,0.5872064102361884,0.5223704360018153,1
0.6436235706163934,4.512162699277766,0.44812705521527724,0.589513723180688,1
0.46068835364571986,3.498037266534518,0.33860041274305214,0.5890022724649304,1
0.6225899155235043,4.251352136840708,0.5534045452178963,0.44919061057071435,1
0.43905120043364304,4.9173616499792026,0.6152640582193566,0.4179476897874536,1
0.22272716092129635,5.088296593315697,0.3159012161038795,0.2468624075876446,1
0.6964917253513854,2.043051704089292,0.6474664721473947,0.28652952870786247,1
0.5624559906076276,4.269852124279139,0.6124831608073433,0.5544546908313057,1
0.5570341762201511,4.983958005453665,0.5365826311923734,0.6726919357414665,1
0.39398969326318367,3.461790456444482,0.22862122967829723,0.49559930494410176,1
0.5248908618294312,2.6931280107082225,0.31734918283767694,0.26782069166542927,1
0.27803666942411315,3.816754585321071,0.5475096498522805,0.33534563002131756,1
0.5320317029836664,3.499001673143613,0.6668651504418721,0.5578187347049353,1
0.5989150309684248,2.6688454529729255,0.5633880168156128,0.6239344425171631,1
0.6935906556899919,3.5985207498197522,0.5483321591608267,0.6646837634394633,1
0.3332293913144252,3.85668024155668,0.5155415200778755,0.3092188505060097,1
0.6190107599454936,4.586593614825919,0.30073911026022965,0.4663644770406297,1
0.5612298098365364,2.66302466916696,0.6895617849217297,0.64237633884679,1
0.4227582674323641,2.818524139630811,0.386254104773979,0.42020945357514605,1
0.630517030024988,5.335347576144477,0.2765902999824528,0.2363268406023471,1
0.6517045312640194,3.9366516732745973,0.5971288391581764,0.693020388069707,1
0.31257263634615173,3.0940263639691645,0.36788654142068217,0.29173890075666925,1
0.5720485804494616,3.0296591441668776,0.5816492979782423,0.226835342442544,1
0.49314560183339573,4.401433640950121,0.41822797722178895,0.2950361278209901,1
0.27514720703170337,5.816042635321505,0.5700691988373907,0.2857532436568293,1
0.3813522534734769,2.567712756523885,0.31999667950259886,0.3400578585680308,1
0.34950607086412555,5.018539628185394,0.3914239669302372,0.6798552582067512,1
0.4366245801360826,5.6439829699902235,0.561630598538577,0.2246037562147989,1
0.23785228139568088,2.1830320820125166,0.4003380964515338,0.5752749729705938,1
0.374498837194726,4.709247635021562,0.4136745612309673,0.5837436382527221,1
0.536314987190076,4.0563261505146455,0.29527293519391484,0.43361759673170425,1
0.5296482525035882,5.550182852677588,0.5040880775831402,0.6567358381915868,1
0.22964205324516673,3.281770698782533,0.6331288924171493,0.22107921836230943,1
0.3958431355516339,2.65158821433839,0.4363295674434321,0.32951367982488966,1
0.22536150022202822,4.841776765794748,0.47916504600865484,0.32347223742538483,1
0.30291235315864984,5.534841396114483,0.2989110880835226,0.5481127968953311,1
0.3077104173560109,4.576883738963682,0.6069449062466157,0.6079222532506348,1
0.25087842547002903,3.880148131183434,0.47034024254631107,0.570225093837391,1
0.2403407983879427,5.631059096847389,0.4485350906720179,0.33625977675221147,1
0.6239064311118596,2.456612252535927,0.4119835660544749,0.46974150015160043,1
0.23192555202018605,4.796214941766041,0.6386192534878736,0.5659039738688609,1
0.32424458747746676,5.91816783059466,0.5046061089868349,0.510650660791048,1
0.24561561564216816,3.230431799951283,0.2865941095132978,0.5191815976420909,1
0.5339727528954997,5.358071159106785,0.3962725595254621,0.32222327936451145,1
0.4595122789843336,3.925693821143761,0.6571092010573849,0.48125455170451875,1
0.5324664734215203,5.297481534964925,0.5980245527455056,0.43727770360892304,1
0.2825949928888541,4.016840382685252,0.3730927180572561,0.6231408022968942,1
0.5913041345747595,4.687332657378331,0.42871613614521137,0.6727365892365744,1
0.3320383596068262,4.915564442384473,0.5576357261594487,0.6092877667434945,1
0.24927875527709048,2.4645984387582014,0.6196880641062005,0.20093928749530215,1
0.6260026087027624,4.509235391434755,0.6722563515979502,0.4215884659398781,1
0.6975517181084214,3.4201474893248567,0.24802238862680048,0.4425863718518851,1
0.5607506236624324,5.756758293749074,0.40299339802587175,0.6194757888908005,1
0.6558200830804539,2.299406295112507,0.46662336933800136,0.2603874258468008,1
0.264226678428142,2.8283985214862333,0.21617361533437257,0.39499864750942076,1
0.5968163107010579,3.936539355985295,0.35865292909515767,0.39304865463578936,1
0.46495708617794984,5.03658066846203,0.25766684649998645,0.3286280491307632,1
0.2732684673414883,2.1384480647079225,0.3329352539134801,0.6973242018095489,1
0.5845371498373264,2.3011242073459277,0.5862728344422745,0.42696781267371886,1
0.399725990543039,2.1530736792721212,0.3256837938580451,0.419806282241242,1
0.40767211039001505,2.0208156788182325,0.4538829937839554,0.699295132656977,1
0.6123608413819553,4.339113265612832,0.41137192580318926,0.24983829573853378,1
0.6313203303837444,3.6203390306830823,0.2590787808227426,0.29948169533012103,1
0.5534359109470056,2.0859727171586258,0.6724367114196593,0.32069505816821053,1
0.3930547916397732,4.744152057221184,0.2939282159185736,0.5375502091951604,1
0.3990694861756756,4.789141427279065,0.5459417228309372,0.4177583746504527,1
0.6820552101308706,2.8893375322008885,0.4062490652085717,0.37067956676074765,1
0.6653830741028144,5.143520131897072,0.22980072072660113,0.45217618839290913,1
0.5528491956950823,2.4859087330704277,0.366231154562904,0.4092739324453115,1
0.4229981444064444,5.514045968771416,0.38408775059466393,0.4865918962343783,1
0.6146075150261868,2.5156196807026254,0.698195738135937,0.25919594784162997,1
0.40160328586782806,3.4019328682439323,0.2006220816978777,0.2721116885505179,1
0.5864710852664295,2.024657724975414,0.6972079541038316,0.2974358122351717,1
0.31849671810629965,5.237293708540147,0.38292743823541103,0.5616325204290862,1
0.36398698833634796,4.0927668817334375,0.2283049345150277,0.22244055683097141,1
0.6387707806160007,4.409996991277442,0.2375932897986177,0.4144151426244545,1
0.2930549277715997,5.169415306287027,0.2196097003273199,0.4179723956718481,1
0.3394684485866567,4.418436477677428,0.4289222198048094,0.5298261595109703,1
0.6265641065715165,4.164682656035804,0.39731998170561283,0.49431366742442845,1
0.3469751826594832,2.070600667405818,0.6965879610296281,0.4722861030440986,1
0.3725345509650392,2.025743922809611,0.30480939773090443,0.2642213223234171,1
0.6095728994693721,4.401933571893173,0.2610353195986744,0.5449080323656597,1
0.5957768350292251,2.987465785678054,0.6524587906584939,0.5868145992039179,1
0.22409107039431253,3.1499165346027675,0.39861367103945705,0.3743313218636195,1
0.5167081343184633,4.1917751605072056,0.5437397395975577,0.26269849111460924,1
0.22674841210434005,2.857163697088223,0.3069644489109534,0.39282040229769166,1
0.36081241468064745,2.065364545730844,0.3527581645684486,0.6209309500091487,1
0.49504638960463837,4.5228350069287355,0.6259591919301885,0.42703779325542224,1
0.341780166603574,2.174960337029675,0.4071393235238877,0.6301775782427911,1
0.38233004361017087,5.592457892936448,0.6831020980661339,0.26193439103085264,1
0.2419228178693682,5.253846864821832,0.22097854018340735,0.4839110157589123,1
0.5221494160925385,3.5221429428095634,0.2131418299479313,0.4685178779765537,1
0.33645088167636944,5.282070174881593,0.47062686867755454,0.4193228810396931,1
0.4551955392219364,5.806627458138904,0.2752111150088157,0.4729343945258252,1
0.32045671577625984,5.962156816806024,0.48517182199376796,0.6166511811372762,1
0.6633362767176787,4.378054219002369,0.6455343656168839,0.5996446219751962,1
0.24659122612129514,5.574453359382309,0.5843900976944607,0.43433299826159505,1
0.3329378790504227,2.6330149414929003,0.4558463949377291,0.3248617564208525,1
0.5730645276746287,4.474766514696187,0.44246722721861553,0.5206751944767809,1
0.4305841989263794,4.242771497483215,0.24706940474847983,0.5679353282588837,1
0.34474824132289744,5.6260248260103936,0.4664138476602055,0.50147240407557,1
0.31914271832339575,3.488367712242737,0.60924183747502,0.47437465788111693,1
0.4468197557879332,4.861637608412771,0.3256358703193014,0.3426690439277011,1
0.5296490574492158,2.0274857355793823,0.5685764625310236,0.5596597388152177,1
0.5906016126678199,2.800289710116048,0.2799648835103388,0.2311715184132216,1
0.2323261252354591,4.980632186466281,0.26452369956844446,0.5792747907443938,1
0.536972325611596,3.6099578304520157,0.5442421976818543,0.4063673655003118,1
0.45434383612174445,3.8598611057006984,0.5374924599134102,0.27127291741204673,1
0.265622617225562,2.070459633082439,0.5922925779596308,0.43759292738448013,1
0.6266907673449758,2.0461105548219014,0.4740884027828903,0.5001512732572423,1
0.5365034375885241,5.423796425393966,0.6665558505708039,0.3771029028821325,1
0.5918301966730212,2.129397959333982,0.44190502859161296,0.649039147091925,1
0.47839187555139717,4.469044697644371,0.6459125589592852,0.5406016538716053,1
0.5272741569094145,4.520509259549861,0.5186888601564255,0.3851977641009724,1
0.42467604102817136,2.5076328440814892,0.6704195622061858,0.3715523164902566,1
0.612399488348643,2.7291858479780062,0.6751844052231241,0.4439788548046393,1
0.639596112853185,2.149506727989509,0.27401980213704036,0.3797059685958667,1
0.26471575294164595,3.0233855460066086,0.6116013334585282,0.6939728739951112,1
0.4304678520535536,2.4856151085596805,0.38481033343125437,0.28372723166469677,1
0.23884948168428427,2.748716574541697,0.40343435677855577,0.6322070515884556,1
0.40361036283926605,4.843200470666235,0.36153198774402306,0.24056089569443223,1
0.29837266581857724,3.0430885969119696,0.6017086390539594,0.5011088672331295,1
0.3104446704624639,4.309145478120553,0.2514645496013175,0.5369470167033347,1
0.22116882686790074,2.467489469699215,0.36085792127336647,0.26442117935739334,1
0.4672454747274923,3.6903661859148795,0.30544570460437537,0.6809919578052709,1
0.6431076033354265,3.836548626396867,0.46808545079554587,0.30401062757478614,1
0.6999352304519592,5.704339954200187,0.250110740915518,0.6317346115799283,1
0.41170788439266526,5.374958472314605,0.5917239865726468,0.5191124763302258,1
0.37692186483598383,5.151475822085603,0.26053991862788983,0.6510880844255721,1
0.2133257966582346,4.0682148905729605,0.2262676520863695,0.4670415476283167,1
0.5973602612930873,4.362546517074446,0.46408170087204953,0.4040792942441557,1
0.33127931729429577,3.216743394355091,0.3150360277853162,0.3473570024645435,1
0.5263151001296164,4.553480825722957,0.6495163400569264,0.6205416763071311,1
0.2508200611453422,4.91892963825718,0.3428884701669136,0.48523000746697703,1
0.34895370614527965,2.6185943641033416,0.264318247179811,0.5221796018464064,1
0.6651071046828526,4.840444718211011,0.30974405881635025,0.594048634918021,1
0.20505240787766804,4.811492688691255,0.5575924200378897,0.31652559874102065,1
0.6740751331813434,3.495295224174616,0.3483189705659467,0.49700606443776585,1
0.680713283956411,4.033049551123812,0.3541398428876034,0.6315061633133935,1
0.2360062949064443,4.005713868251375,0.26750698164560405,0.6032377377810927,1
0.27638938692820125,4.93476211750928,0.25276902648120936,0.4313412730728365,1
0.37148770466031683,4.2239611605598295,0.23893386367072939,0.6400984732130667,1
0.39131283941182055,3.0921060146935555,0.4275782371309801,0.618742439400558,1
0.5860095241241453,2.049742023476769,0.4043691802841957,0.5955784007793439,1
0.28670436159160145,2.5444464754882,0.6562368714973138,0.335671609440013,1
0.3428827569190873,5.18077822025762,0.4736603223318334,0.28973377162506964,1
0.30278400082694945,2.74799907158015,0.5918255415361511,0.3552139170276491,1
0.49586944015505646,5.60508273305426,0.25968027752602,0.39702971792814895,1
